{"cameraMode":{"drawMode":0,"name":"Shaded","section":"Shading Mode"},"sceneLighting":true,"audioPlay":false,"sceneViewState":{"m_AlwaysRefresh":false,"showFog":true,"showSkybox":true,"showFlares":true,"showImageEffects":true,"showParticleSystems":true,"showVisualEffectGraphs":true,"m_FxEnabled":true},"in2DMode":false,"pivot":{"x":19.557157516479493,"y":-2.5378780364990236,"z":1.254318356513977},"rotation":{"x":0.15822049975395204,"y":0.5922290682792664,"z":-0.11984585970640183,"w":0.7809459567070007},"size":21.568557739257814,"orthographic":false}